category,brand,name,price,unit,photo_url,description
Акумулятори для гібридних інверторів,FELICITY,"Акумуляторна батарея Felicity FLA48314-EU 51.2V 314Ah 16kWh LiFePO4, 435х880х247, 121.5 кг",84262,грн,assets/images/products/151617_1.jpg,"Акумуляторна батарея Felicity FLA48314-EU 51,2 В 314 А·год 16 кВт·год LiFePO₄, 435 × 880 × 247 мм, 121,5 кг Felicity FLA48314-EU – це літій-залізо-фосфатна акумуляторна батарея LiFePO₄ ємністю 314 А·год та номінальною напругою 51,2 В. Акумулятор призначений для систем резервного та автономного живлення, а також для роботи разом з інвертором. Ємність 314 А·год дозволяє накопичувати енергію для живлення побутового та іншого обладнання під час відключень електроенергії. Номінальна енергоємність батареї становить 16 кВт·год, а напруга 51,2 В підходить для систем, розрахованих на 48 В. Акумулятор виконаний за технологією LiFePO₄, яка добре підходить для систем накопичення енергії з регулярними циклами заряджання та розряджання. Такий формат часто використовують у домашніх системах резервного живлення, сонячних електростанціях та автономних енергетичних комплексах. Акумулятор має вбудовану систему BMS, автоматичний вимикач та запобіжник, а також підтримує зв'язок через CAN та RS485. Корпус має розміри 435 × 880 × 247 мм, вага акумулятора становить 121,5 кг. Підлогове встановлення дозволяє розміщувати батарею в спеціально підготовленому місці з урахуванням необхідного простору для монтажу та обслуговування. Де використовується Акумулятор Felicity FLA48314-EU 314 А·год можна використовувати як джерело накопичення енергії у таких системах: • резервного живлення будинку або квартири • автономного електроживлення • роботи з інвертором • накопичення енергії від сонячних панелей • живлення обладнання під час відключень електроенергії Важливо: перед підключенням необхідно перевірити сумісність акумулятора з інвертором за напругою, параметрами заряджання та способом комунікації, якщо вона передбачена."
Акумулятори для гібридних інверторів,MUST,"Акумуляторна батарея MUST LP16-24100, 25.6V 100Ah, 442х485.5х177, 23 кг, LiFePO4",27726,грн,assets/images/products/143477_1.jpg,"MUST LP16-24100 – акумуляторна батарея LiFePO4 з номінальною напругою 25,6 В та ємністю 100 А·год для систем з гібридним інвертором на 24 В. Запас енергії близько 2,56 кВт·год. Технологія LiFePO4 розрахована на регулярні цикли заряджання та розряджання, тому батарея підходить для резервного живлення будинку під час відключень і для сонячних електростанцій. Розміри 442 × 485,5 × 177 мм, вага 23 кг."
Гибридні інвертори,MUST,"Гібридний інвертор MUST PV19-6048EXP 6 кВт 48 В, Wi-Fi, 309х505х147, 14 кг",23828,грн,assets/images/products/150935_1.jpg,"MUST PV19-6048EXP – гібридний інвертор потужністю 6 кВт для систем резервного та автономного живлення. Працює з акумуляторами 48 В і підходить для будинку, квартири, дачі чи офісу. Інвертор поєднує перетворювач, зарядний пристрій від мережі та сонячний контролер: енергія може надходити від сонячних панелей, накопичуватися в акумуляторі або братися з мережі. На виході 230 В для живлення побутової техніки та електроніки. Версія з Wi-Fi: за роботою системи можна стежити зі смартфона. Розміри 309 × 505 × 147 мм, вага 14 кг."
Комплекти автономного енергоживлення,MUST,"Комплект автономного енергоживлення: MUST PV19-6048EXP 48V 6 kW + MUST LP1600-48100 48v 100ah, LiFePo4",60701,грн,assets/images/komp/151283.png,"Комплект автономного енергоживлення MUST PV19-6048EXP + MUST LP16-48100 – готове рішення для резервного живлення будинку, квартири, дачі чи офісу під час відключень світла. Гібридний інвертор MUST PV19-6048EXP потужністю 6 кВт працює з акумуляторами 48 В і видає на виході 230 В, тож від нього можна живити побутову техніку та електроніку в межах допустимого навантаження. Енергія може надходити від сонячних панелей, мережі або генератора. Акумулятор MUST LP16-48100 на основі LiFePO4 (51,2 В, 100 А·год) накопичує близько 5,12 кВт·год енергії. Інвертор і батарея підібрані за напругою, тому комплект можна використовувати як основу системи автономного живлення."
Комплекти автономного енергоживлення,MUST,"Комплект автономного енергоживлення: Must PV18-3224VPM II 24V 3.2kW + MUST LP1600-24100, 25.6V 100Ah, LiFePO4",40801,грн,assets/images/komp/143938.png,"Комплект автономного енергоживлення Must PV18-3224VPM II + MUST LP16-24100 – готове рішення для резервного живлення будинку, квартири, дачі чи офісу під час відключень світла. Гібридний інвертор Must PV18-3224VPM II потужністю 3,2 кВт працює з акумуляторами 24 В і видає на виході 230 В, тож від нього можна живити побутову техніку та електроніку в межах допустимого навантаження. Енергія може надходити від сонячних панелей, мережі або генератора. Акумулятор MUST LP16-24100 на основі LiFePO4 (25,6 В, 100 А·год) накопичує близько 2,56 кВт·год енергії. Інвертор і батарея підібрані за напругою, тому комплект можна використовувати як основу системи автономного живлення."
Джерела безперебійного живлення,—,"Зарядна станція ECOFLOW DELTA 3 1024Wh 1800W (китайські розетки, з перехідниками)",33775,грн,assets/images/products/148245_1.jpg,"Зарядна станція EcoFlow DELTA 3 1024Wh 1800W, китайські розетки з перехідниками EcoFlow DELTA 3 — портативна зарядна станція ємністю 1024 Вт·год та потужністю 1800 Вт. Її можна використовувати як резервне живлення для будинку, квартири, офісу, дачі або брати із собою для роботи та відпочинку на природі. Станція може живити більшість звичайних побутових приладів: холодильник, телевізор, роутер, ноутбук, освітлення, зарядні пристрої та електроінструмент. Максимальна пікова потужність становить 3600 Вт, тому DELTA 3 справляється і з короткочасними пусковими навантаженнями. За живлення відповідає акумулятор LiFePO4 з ресурсом до 4000 циклів до зниження ємності до 80%. Від звичайної електромережі станція заряджається приблизно за 56 хвилин. Також її можна заряджати від сонячних панелей потужністю до 500 Вт, автомобільної розетки або генератора. Для підключення техніки передбачені 4 розетки AC, USB-A, USB-C та автомобільний вихід 12,6 В. Вбудована функція ДБЖ з перемиканням менш ніж за 10 мс дозволяє використовувати EcoFlow DELTA 3 для резервного живлення чутливої техніки. Керувати станцією та контролювати її роботу можна зі смартфона через Wi-Fi або Bluetooth. У цій версії встановлені китайські розетки, а в комплекті є перехідники, тому станцію можна використовувати з обладнанням зі стандартними вилками. Характеристики: виробник: EcoFlow модель: DELTA 3 ємність: 1024 Вт·год номінальна потужність: 1800 Вт пікова потужність: 3600 Вт тип акумулятора: LiFePO4 ресурс акумулятора: 4000 циклів зарядка від мережі: до 100% приблизно за 56 хв максимальна потужність сонячної зарядки: 500 Вт час зарядки від сонячних панелей: приблизно 130 хв AC-виходи: 4 USB-A: 2 USB-C: 2, до 100 Вт автомобільний вихід: 12,6 В / 10 А / 126 Вт UPS: менше 10 мс підключення: Wi-Fi, Bluetooth розетки: китайський стандарт у комплекті: перехідники."
Джерела безперебійного живлення,EcoFlow,"Зарядна станція EcoFlow Delta 2, 1800W, 1024Wh (EU)",34452,грн,assets/images/products/148299_1.jpg,"Зарядна станція EcoFlow DELTA 2 1800 Вт 1024 Вт·год (EU) EcoFlow DELTA 2 — портативна зарядна станція ємністю 1024 Вт·год та потужністю 1800 Вт. Її можна використовувати як резервне живлення для будинку, квартири, офісу, дачі або брати із собою для роботи та відпочинку на природі. Станція може живити більшість звичайних побутових приладів: холодильник, телевізор, роутер, ноутбук, освітлення, зарядні пристрої та електроінструмент. Максимальна пікова потужність становить 2700 Вт, тому DELTA 2 справляється з короткочасними пусковими навантаженнями. За живлення відповідає акумулятор LiFePO4 з ресурсом до 3000 циклів до зниження ємності до 80%. Від звичайної електромережі станція заряджається приблизно за 80 хвилин. Також її можна заряджати від сонячних панелей потужністю до 500 Вт, автомобільної розетки або генератора. Для підключення техніки передбачені 6 розеток AC, USB-A, USB-C та автомобільний вихід 12,6 В. Вбудована функція ДБЖ з автоматичним перемиканням менш ніж за 30 мс дозволяє використовувати EcoFlow DELTA 2 для резервного живлення техніки. Керувати станцією та контролювати її роботу можна зі смартфона через Wi-Fi або Bluetooth. У цій версії встановлені розетки стандарту EU, тому станція готова до використання з обладнанням, що має європейські вилки. Характеристики: виробник: EcoFlow модель: DELTA 2 ємність: 1024 Вт·год номінальна потужність: 1800 Вт пікова потужність: 2700 Вт тип акумулятора: LiFePO4 ресурс акумулятора: 3000 циклів зарядка від мережі: до 100% приблизно за 80 хв максимальна потужність сонячної зарядки: 500 Вт AC-виходи: 6 USB-A: 2 USB-C: 2, до 100 Вт автомобільний вихід: 12,6 В / 10 А / 126 Вт UPS: менше 30 мс підключення: Wi-Fi, Bluetooth розетки: європейський стандарт EU."
Акумулятори для гібридних інверторів,MUST,"Акумуляторна батарея MUST LP16-24200, 25.6V 200Ah, 442х486.5х250, 45 кг, LiFePO4",37426,грн,assets/images/products/148300_1.png,"MUST LP16-24200 – акумуляторна батарея LiFePO4 з номінальною напругою 25,6 В та ємністю 200 А·год для систем з гібридним інвертором на 24 В. Запас енергії близько 5,12 кВт·год. Технологія LiFePO4 розрахована на регулярні цикли заряджання та розряджання, тому батарея підходить для резервного живлення будинку під час відключень і для сонячних електростанцій. Розміри 442 × 486,5 × 250 мм, вага 45 кг."
Комплекти автономного енергоживлення,MUST,"Комплект автономного енергоживлення: Must PV18-3224VPM II 24V 3.2kW + MUST LP1600-24200, 25.6V 200Ah, LiFePO4",50501,грн,assets/images/komp/148301.png,"Комплект автономного енергоживлення Must PV18-3224VPM II + MUST LP16-24200 – готове рішення для резервного живлення будинку, квартири, дачі чи офісу під час відключень світла. Гібридний інвертор Must PV18-3224VPM II потужністю 3,2 кВт працює з акумуляторами 24 В і видає на виході 230 В, тож від нього можна живити побутову техніку та електроніку в межах допустимого навантаження. Енергія може надходити від сонячних панелей, мережі або генератора. Акумулятор MUST LP16-24200 на основі LiFePO4 (25,6 В, 200 А·год) накопичує близько 5,12 кВт·год енергії. Інвертор і батарея підібрані за напругою, тому комплект можна використовувати як основу системи автономного живлення."
Системи зберігання електроенергії 2 в 1,MUST,"Система зберігання електроенергії MUST HBP19-5548 VPM 2в1 5.5 кВт 5120 Втг, 486х850х160, 58 кг",71501,грн,assets/images/products/150416_1.jpg,"MUST HBP19-5548 VPM – система зберігання електроенергії формату 2 в 1: інвертор потужністю 5,5 кВт і акумулятор ємністю 5120 Вт·год в одному корпусі. Готове рішення для резервного живлення квартири, будинку чи офісу під час відключень світла: не потрібно окремо підбирати інвертор, акумулятор і кабелі між ними – досить підключити техніку. Розміри 486 × 850 × 160 мм, вага 58 кг."
Силові та сонячні кабелі,KBE,"Сонячний кабель KBE 6 мм 1 м, Німеччина",68,грн,assets/images/products/151777_1.jpg,"Сонячний кабель KBE 6 мм² 1 м, Німеччина Сонячний кабель KBE 6 мм² використовується для підключення сонячних панелей та іншого обладнання фотоелектричної системи. Кабель призначений для прокладання електричних з'єднань у сонячних електростанціях та фотоелектричних системах. KBE має переріз 6 мм² та довжину 1 м. Така довжина підходить для виконання коротких з'єднань між компонентами сонячної електростанції та підключення обладнання під час монтажу. Сонячний кабель KBE 6 мм² можна використовувати у фотоелектричних системах для підключення сонячних панелей та іншого обладнання. Кабель довжиною 1 м зручно використовувати там, де не потрібна велика довжина кабельної лінії. Характеристики: виробник: KBE країна виробництва: Німеччина переріз: 6 мм² довжина: 1 м тип: сонячний кабель призначення: для сонячних панелей та фотоелектричних систем"
Комплекти автономного енергоживлення,FELICITY,Комплект автономного енергоживлення: MUST PV19-6048EXP 48V 6 kW + Felicity FLA48314-EU 51.2V 314Ah 16kWh,108038,грн,assets/images/komp/151790.jpg,"Комплект автономного енергоживлення MUST PV19-6048EXP 48V 6 кВт + Felicity FLA48314-EU 51.2V 314Ah 16 кВт·год Комплект автономного енергоживлення MUST та Felicity підійде для будинку або іншого об'єкта, де потрібна потужна система резервного та автономного живлення. У комплекті поєднані гібридний інвертор MUST на 6 кВт та акумулятор Felicity ємністю 16 кВт·год, тому система може не тільки живити навантаження, а й накопичувати електроенергію для подальшого використання. MUST PV19-6048EXP — це гібридний інвертор MUST 6 кВт з робочою напругою акумуляторної системи 48 В. Інвертор призначений для роботи з мережею, акумулятором та сонячними панелями, тому його можна використовувати як основу системи резервного живлення або автономної сонячної електростанції. Він підтримує підключення сонячних панелей загальною потужністю до 6 кВт та має 2 MPPT-контролери для ефективного використання сонячної енергії. Інвертор 48 В 6 кВт забезпечує живлення підключеного навантаження від акумулятора або мережі, а накопичену енергію можна використовувати під час відключень електроенергії. Завдяки можливості паралельного підключення декількох інверторів систему можна розширити, якщо в майбутньому виникне потреба у збільшенні потужності. Для накопичення електроенергії використовується Felicity FLA48314-EU. Це літій-залізо-фосфатна батарея LiFePO4 з номінальною напругою 51,2 В, ємністю 314 А·год та запасом енергії 16 кВт·год. Максимальний струм заряду та розряду становить 160 А, а максимальна потужність заряду або розряду — 8 кВт. Заявлений ресурс батареї становить 8000+ циклів, а допустима глибина розряду — не менше 95%. Акумулятор має вбудовану BMS, яка контролює основні параметри батареї та забезпечує її захист під час роботи. Для зв'язку з інвертором передбачена комунікація через CAN та RS485. За потреби систему можна розширити, підключивши до 15 акумуляторних блоків паралельно, що дозволяє збільшити загальний запас енергії. Такий комплект інвертор + акумулятор містить основні компоненти для створення системи резервного та автономного живлення. Його можна використовувати для автономного живлення будинку, офісу, майстерні або іншого об'єкта, а за наявності сонячних панелей — для вироблення, використання та накопичення власної електроенергії. Характеристики: Інвертор: MUST PV19-6048EXP 48 В 6 кВт Тип: гібридний інвертор Номінальна потужність: 6 кВт Кількість фаз: 1 Напруга АКБ: 48 В Кількість MPPT: 2 Максимальна потужність сонячних панелей: 6 кВт Максимальний струм заряду: 120 А Максимальна кількість інверторів при паралельному підключенні: 9 ККД: до 94% WiFi: є Форма вихідної напруги: чиста синусоїда Робоча температура: від -10 до +50 °C Акумулятор: Felicity FLA48314-EU Тип АКБ: LiFePO4 Номінальна напруга: 51,2 В Ємність: 314 А·год Енергоємність: 16 кВт·год Максимальний струм заряду: 160 А Максимальний струм розряду: 160 А Максимальна потужність заряду/розряду: 8 кВт Глибина розряду: ≥95% Ресурс: 8000+ циклів BMS: є Комунікація: CAN, RS485 Захист: автоматичний вимикач, запобіжник Можливість розширення: до 15 акумуляторних блоків паралельно"
Силові та сонячні кабелі,—,"Комплект силових кабелів 25 мм 1 м, 2 шт., мідь, мідні накінечники М8",851,грн,assets/images/products/151847_1.jpg,"Комплект силових кабелів 25 мм² 1 м, 2 шт., мідь, мідні наконечники М8 Комплект силових кабелів 25 мм² використовується для підключення акумуляторних батарей до інвертора та іншого обладнання в системах автономного й резервного живлення. У комплекті 2 мідні кабелі довжиною по 1 м. На кінцях встановлені мідні наконечники М8, тому кабелі вже підготовлені для підключення до відповідних клем обладнання. Переріз 25 мм² робить кабелі придатними для силових з'єднань акумуляторного обладнання. Готовий комплект з двох кабелів зручно використовувати під час монтажу, коли потрібна пара силових з'єднань однакової довжини. Характеристики: тип: комплект силових кабелів кількість: 2 шт. матеріал: мідь переріз: 25 мм² довжина: 1 м наконечники: мідні М8 призначення: для підключення акумуляторів та силового обладнання."
Силові та сонячні кабелі,—,"Комплект силових кабелів 25 мм 50см, 2 шт., мідь, мідні накінечники М8",390,грн,assets/images/products/151848_1.jpg,"Комплект силових кабелів 25 мм² 50 см, 2 шт., мідь, мідні наконечники М8 Комплект силових кабелів 25 мм² використовується для підключення акумуляторних батарей до інвертора та іншого силового обладнання в системах автономного й резервного живлення. У комплекті 2 мідні кабелі довжиною по 50 см. На кінцях встановлені мідні наконечники М8, тому кабелі вже готові до підключення до відповідних клем обладнання. Переріз 25 мм² підходить для силових з'єднань акумуляторного обладнання. Довжина 50 см зручна для встановлення компонентів, розташованих поруч, коли немає потреби у довгих кабелях. Характеристики: тип: комплект силових кабелів кількість: 2 шт. матеріал: мідь переріз: 25 мм² довжина: 50 см наконечники: мідні М8 призначення: для підключення акумуляторів та силового обладнання."
Силові та сонячні кабелі,—,"Комплект силових кабелів 25 мм 1.5м, 2 шт., мідь, мідні накінечники М8",1414,грн,assets/images/products/151849_1.jpg,"Комплект силових кабелів 25 мм² 1,5 м, 2 шт., мідь, мідні наконечники М8 Комплект силових кабелів 25 мм² призначений для підключення акумуляторних батарей до інвертора та іншого силового обладнання в системах автономного й резервного живлення. У комплекті 2 мідні кабелі довжиною по 1,5 м. На кінцях встановлені мідні наконечники М8, тому кабелі вже готові до підключення до відповідних клем обладнання. Переріз 25 мм² підходить для силових з'єднань акумуляторного обладнання. Довжина 1,5 м дозволяє використовувати кабелі, коли між акумулятором та іншим обладнанням системи потрібна більша відстань. Характеристики: тип: комплект силових кабелів кількість: 2 шт. матеріал: мідь переріз: 25 мм² довжина: 1,5 м наконечники: мідні М8 призначення: для підключення акумуляторів та силового обладнання."
Силові та сонячні кабелі,—,"Комплект силових кабелів 25 мм 75см, 2 шт., мідь, мідні накінечники М8",747,грн,assets/images/products/151850_1.jpg,"Комплект силових кабелів 25 мм² 75 см, 2 шт., мідь, мідні наконечники М8 Комплект силових кабелів 25 мм² призначений для підключення акумуляторних батарей до інвертора та іншого силового обладнання в системах автономного й резервного живлення. У комплекті 2 мідні кабелі довжиною по 75 см. На кінцях встановлені мідні наконечники М8, тому кабелі вже підготовлені для підключення до відповідних клем обладнання. Переріз 25 мм² підходить для силових з'єднань акумуляторного обладнання. Довжина 75 см зручна для монтажу компонентів, які розташовані на невеликій відстані один від одного. Характеристики: тип: комплект силових кабелів кількість: 2 шт. матеріал: мідь переріз: 25 мм² довжина: 75 см наконечники: мідні М8 призначення: для підключення акумуляторів та силового обладнання."
Силові та сонячні кабелі,—,"Комплект силових кабелів 25 мм 1 м, 2 шт., мідь, мідні накінечники М10",851,грн,assets/images/products/151851_1.jpg,"Комплект силових кабелів 25 мм² 1 м, 2 шт., мідь, мідні накінечники М10 Комплект силових кабелів 25 мм² використовується для підключення акумуляторних батарей до інвертора та іншого обладнання системи. Це готовий комплект із двох силових кабелів для підключення акумулятора в системах автономного та резервного живлення. Мідний силовий кабель має переріз 25 мм² та довжину 1 м. Кабелі оснащені мідними наконечниками М10, що дозволяє підключати їх до обладнання з відповідними контактними з'єднаннями. Комплект кабелів 2 шт. зручно використовувати для підключення акумуляторної батареї до інвертора та іншого обладнання системи. Готовий комплект дозволяє одразу виконати силове підключення без необхідності окремо підбирати кабелі та наконечники. Характеристики: переріз: 25 мм² довжина: 1 м кількість: 2 шт. матеріал кабелю: мідь наконечники: мідні М10 тип: комплект силових кабелів призначення: для підключення акумуляторних батарей"
Силові та сонячні кабелі,—,"Комплект силових кабелів 25 мм 50см, 2 шт., мідь, мідні накінечники М10",390,грн,assets/images/products/151852_1.jpg,"Комплект силових кабелів 25 мм² 50 см, 2 шт., мідь, мідні накінечники М10 Комплект силових кабелів 25 мм² використовується для підключення акумуляторних батарей до інвертора та іншого обладнання системи. Це готовий комплект із двох силових кабелів для підключення акумулятора в системах автономного та резервного живлення. Мідний силовий кабель має переріз 25 мм² та довжину 50 см. Кабелі оснащені мідними наконечниками М10, що дозволяє підключати їх до обладнання з відповідними контактними з'єднаннями. Комплект кабелів 2 шт. зручно використовувати для підключення акумуляторної батареї до інвертора та іншого обладнання системи. Готовий комплект дозволяє виконати силове підключення без необхідності окремо підбирати кабелі та наконечники. Характеристики: переріз: 25 мм² довжина: 50 см кількість: 2 шт. матеріал кабелю: мідь наконечники: мідні М10 тип: комплект силових кабелів призначення: для підключення акумуляторних батарей"
Силові та сонячні кабелі,—,"Комплект силових кабелів 25 мм 1.5м, 2 шт., мідь, мідні накінечники М10",1414,грн,assets/images/products/151853_1.jpg,"Комплект силових кабелів 25 мм² 1,5 м, 2 шт., мідь, мідні накінечники М10 Комплект силових кабелів 25 мм² використовується для підключення акумуляторних батарей до інвертора та іншого обладнання системи. Це готовий комплект із двох силових кабелів для підключення акумулятора в системах автономного та резервного живлення. Мідний силовий кабель має переріз 25 мм² та довжину 1,5 м. Кабелі оснащені мідними наконечниками М10, що дозволяє підключати їх до обладнання з відповідними контактними з'єднаннями. Комплект кабелів 2 шт. зручно використовувати для підключення акумуляторної батареї до інвертора та іншого обладнання системи. Готовий комплект дозволяє виконати силове підключення без необхідності окремо підбирати кабелі та наконечники. Характеристики: переріз: 25 мм² довжина: 1,5 м кількість: 2 шт. матеріал кабелю: мідь наконечники: мідні М10 тип: комплект силових кабелів призначення: для підключення акумуляторних батарей"
Силові та сонячні кабелі,—,"Комплект силових кабелів 25 мм 75см, 2 шт., мідь, мідні накінечники М10",747,грн,assets/images/products/151854_1.jpg,"Комплект силових кабелів 25 мм² 75 см, 2 шт., мідь, мідні накінечники М10 Комплект силових кабелів 25 мм² використовується для підключення акумуляторних батарей до інвертора та іншого обладнання системи. Це готовий комплект із двох силових кабелів для підключення акумулятора в системах автономного та резервного живлення. Мідний силовий кабель має переріз 25 мм² та довжину 75 см. Кабелі оснащені мідними наконечниками М10, що дозволяє підключати їх до обладнання з відповідними контактними з'єднаннями. Комплект кабелів 2 шт. зручно використовувати для підключення акумуляторної батареї до інвертора та іншого обладнання системи. Готовий комплект дозволяє виконати силове підключення без необхідності окремо підбирати кабелі та наконечники. Характеристики: переріз: 25 мм² довжина: 75 см кількість: 2 шт. матеріал кабелю: мідь наконечники: мідні М10 тип: комплект силових кабелів призначення: для підключення акумуляторних батарей"
Гибридні інвертори,FELICITY,"Гібридний інвертор Felicity IVEM6048-II 6 кВт 48 В, 420х335х142, 12.5 кг",22226,грн,assets/images/komp/152085.jpg,"Felicity IVEM6048-II – гібридний інвертор потужністю 6 кВт для систем резервного та автономного живлення. Працює з акумуляторами 48 В і підходить для будинку, квартири, дачі чи офісу. Інвертор поєднує перетворювач, зарядний пристрій від мережі та сонячний контролер: енергія може надходити від сонячних панелей, накопичуватися в акумуляторі або братися з мережі. На виході 230 В для живлення побутової техніки та електроніки. Розміри 420 × 335 × 142 мм, вага 12,5 кг."
Гибридні інвертори,FELICITY,"Гібридний інвертор Felicity IVEM4024-II 4 кВт 24 В, 430х310х120, 10.4 кг",16950,грн,assets/images/komp/152086.jpg,"Гібридний інвертор Felicity IVEM4024-II 4 кВт 24 В Felicity IVEM4024-II це гібридний інвертор потужністю 4 кВт для систем автономного та резервного живлення. Модель працює з акумуляторними батареями на 24 В і підходить для організації живлення будинку, квартири чи іншого об'єкта. Інвертор поєднує в одному пристрої перетворювач, зарядний пристрій від мережі та сонячний MPPT-контролер. Це дозволяє поєднати генерацію від сонячних панелей, накопичення енергії в акумуляторі та живлення навантаження в одній системі. Залежно від налаштувань енергія може використовуватися напряму від сонячних панелей, накопичуватися в акумуляторі або надходити з мережі. На виході інвертор формує чисту синусоїду 230 В, тому підходить для побутової техніки та електроніки в межах допустимого навантаження. Налаштування вхідної напруги, струму та режиму заряджання виконуються через дисплей, а вбудований Wi-Fi дозволяє стежити за роботою системи через мобільний застосунок. Модель має захист від перевантаження, перегріву та короткого замикання, підтримує холодний старт і автоматичний перезапуск після відновлення живлення з мережі. Корпус має розміри 430 x 310 x 120 мм, вага інвертора 10,4 кг. Під час монтажу слід передбачити достатньо місця для встановлення, підключення кабелів та охолодження обладнання. Де використовується Felicity IVEM4024-II можна використовувати: • для резервного живлення будинку або квартири • у сонячних електростанціях • для роботи з акумуляторними батареями 24 В • у системах накопичення електроенергії • для зменшення споживання електроенергії з мережі • як частину автономної або гібридної системи живлення На що звернути увагу Перед покупкою варто перевірити сумісність інвертора з акумулятором, параметри сонячного поля, допустиме навантаження та особливості підключення до електромережі. Також слід врахувати відповідність потужності 4 кВт запланованому навантаженню системи."
Акумулятори для гібридних інверторів,FELICITY,"Акумуляторна батарея Felicity FLA24280 25.6V 280Ah LiFePO4, 700х430х253, 71 кг",56300,грн,assets/images/komp/152174.jpg,"Акумуляторна батарея Felicity FLA24280 25.6V 280Ah LiFePO4, 700х430х253, 71 кг Felicity FLA24280 це літій-залізо-фосфатна акумуляторна батарея LiFePO4 ємністю 280 А·год та номінальною напругою 25,6 В. Акумулятор призначений для систем резервного та автономного живлення і для роботи разом з інвертором. Ємність 280 А·год дозволяє накопичувати енергію для живлення побутового та іншого обладнання під час відключень електроенергії. Номінальна енергоємність батареї становить близько 7,17 кВт·год, а напруга 25,6 В підходить для систем, розрахованих на 24 В. Батарея виконана за технологією LiFePO4, яка добре підходить для систем накопичення енергії з регулярними циклами заряджання та розряджання. Такий формат часто застосовують у домашніх системах резервного живлення, сонячних електростанціях та автономних енергетичних комплексах. Корпус має розміри 700 x 430 x 253 мм, вага акумулятора 71 кг. Батарею встановлюють у спеціально підготовленому місці або акумуляторній шафі з урахуванням простору для монтажу та обслуговування. Де використовується Акумулятор Felicity FLA24280 280 А·год можна використовувати як джерело накопичення енергії у таких системах: • резервного живлення будинку або квартири • автономного електроживлення • роботи з інвертором • накопичення енергії від сонячних панелей • живлення обладнання під час відключень електроенергії Важливо: перед підключенням необхідно перевірити сумісність акумулятора з інвертором за напругою, параметрами заряджання та способом комунікації, якщо вона передбачена."
Акумулятори для гібридних інверторів,FELICITY,"Акумуляторна батарея Felicity FLA48230 51.2V 230Ah LiFePO4, 783x450x274, 97 кг",69310,грн,assets/images/komp/152175.jpg,"Акумуляторна батарея Felicity FLA48230 51,2 В 230 А·год LiFePO4, 783 × 450 × 274 мм, 97 кг Felicity FLA48230 – це літій-залізо-фосфатна акумуляторна батарея LiFePO4 ємністю 230 А·год та номінальною напругою 51,2 В. Акумулятор призначений для систем резервного та автономного живлення, а також для роботи разом з інвертором. Ємність 230 А·год дозволяє накопичувати енергію для живлення побутового та іншого обладнання під час відключень електроенергії. Номінальна енергоємність батареї становить 11,78 кВт·год, а напруга 51,2 В підходить для систем, розрахованих на 48 В. Акумулятор виконаний за технологією LiFePO4, яка добре підходить для систем накопичення енергії з регулярними циклами заряджання та розряджання. Такий формат часто використовують у домашніх системах резервного живлення, сонячних електростанціях та автономних енергетичних комплексах. Корпус має розміри 783 × 450 × 274 мм, вага акумулятора становить 97 кг. Компактні розміри дозволяють встановлювати батарею в спеціально підготовленому місці або акумуляторній шафі з урахуванням необхідного простору для монтажу та обслуговування. Де використовується Акумулятор Felicity FLA48230 230 А·год можна використовувати як джерело накопичення енергії у таких системах: • резервного живлення будинку або квартири • автономного електроживлення • роботи з інвертором • накопичення енергії від сонячних панелей • живлення обладнання під час відключень електроенергії Важливо: перед підключенням необхідно перевірити сумісність акумулятора з інвертором за напругою, параметрами заряджання та способом комунікації, якщо вона передбачена."
Комплекти автономного енергоживлення,DEYE,Комплект автономного енергоживлення: Felicity IVEM6048-II 48В 6 кВт+ DEYE SE-F5 Pro-C 51.2V 100 Аh,61087,грн,assets/images/komp/152206.png,"Комплект автономного енергоживлення Felicity IVEM6048-II + DEYE SE-F5 Pro-C – готове рішення для резервного живлення будинку, квартири, дачі чи офісу під час відключень світла. Гібридний інвертор Felicity IVEM6048-II потужністю 6 кВт працює з акумуляторами 48 В і видає на виході 230 В, тож від нього можна живити побутову техніку та електроніку в межах допустимого навантаження. Енергія може надходити від сонячних панелей, мережі або генератора. Акумулятор DEYE SE-F5 Pro-C на основі LiFePO4 (51,2 В, 100 А·год) накопичує близько 5,12 кВт·год енергії. Інвертор і батарея підібрані за напругою, тому комплект можна використовувати як основу системи автономного живлення."
Комплекти автономного енергоживлення,FELICITY,Комплект автономного енергоживлення: Felicity IVEM6048-II 48В 6 кВт+ Felicity FLA48230 51.2V 230Ah,91685,грн,assets/images/komp/152211.png,"Комплект автономного енергоживлення Felicity IVEM6048-II + Felicity FLA48230 – готове рішення для резервного живлення будинку, квартири, дачі чи офісу під час відключень світла. Гібридний інвертор Felicity IVEM6048-II потужністю 6 кВт працює з акумуляторами 48 В і видає на виході 230 В, тож від нього можна живити побутову техніку та електроніку в межах допустимого навантаження. Енергія може надходити від сонячних панелей, мережі або генератора. Акумулятор Felicity FLA48230 на основі LiFePO4 (51,2 В, 230 А·год) накопичує близько 11,78 кВт·год енергії. Інвертор і батарея підібрані за напругою, тому комплект можна використовувати як основу системи автономного живлення."
Комплекти автономного енергоживлення,FELICITY,Комплект автономного енергоживлення: Felicity IVEM6048-II 48В 6 кВт+ Felicity FLA48314-EU 51.2V 314Ah,106638,грн,assets/images/komp/152212.png,"Комплект автономного енергоживлення Felicity IVEM6048-II + Felicity FLA48314-EU – готове рішення для резервного живлення будинку, квартири, дачі чи офісу під час відключень світла. Гібридний інвертор Felicity IVEM6048-II потужністю 6 кВт працює з акумуляторами 48 В і видає на виході 230 В, тож від нього можна живити побутову техніку та електроніку в межах допустимого навантаження. Енергія може надходити від сонячних панелей, мережі або генератора. Акумулятор Felicity FLA48314-EU на основі LiFePO4 (51,2 В, 314 А·год) накопичує близько 16,08 кВт·год енергії. Інвертор і батарея підібрані за напругою, тому комплект можна використовувати як основу системи автономного живлення."
Комплекти автономного енергоживлення,FELICITY,Комплект автономного енергоживлення: Felicity IVEM6048-II 48В 6 кВт+ MUST LP16-48100 51.2V 100Ah,59301,грн,assets/images/komp/152213.png,"Комплект автономного енергоживлення Felicity IVEM6048-II + MUST LP16-48100 – готове рішення для резервного живлення будинку, квартири, дачі чи офісу під час відключень світла. Гібридний інвертор Felicity IVEM6048-II потужністю 6 кВт працює з акумуляторами 48 В і видає на виході 230 В, тож від нього можна живити побутову техніку та електроніку в межах допустимого навантаження. Енергія може надходити від сонячних панелей, мережі або генератора. Акумулятор MUST LP16-48100 на основі LiFePO4 (51,2 В, 100 А·год) накопичує близько 5,12 кВт·год енергії. Інвертор і батарея підібрані за напругою, тому комплект можна використовувати як основу системи автономного живлення."
Силові та сонячні кабелі,KBE,"Сонячний кабель KBE Solar 6 мм, 500 м (бухта), чорний, Німеччина",33805,грн,assets/images/products/146741_1.jpg,"Сонячний кабель KBE Solar 6 мм², 500 м (бухта), чорний, Німеччина Сонячний кабель KBE Solar 6 мм² використовується для підключення сонячних панелей та іншого обладнання фотоелектричної системи. Кабель призначений для прокладання електричних з'єднань у сонячних електростанціях та фотоелектричних системах. KBE Solar має переріз 6 мм² та поставляється в бухті довжиною 500 м. Чорний колір кабелю дозволяє використовувати його для монтажу сонячної електростанції та зручного прокладання кабельних ліній. Сонячний кабель KBE Solar 6 мм² підходить для використання у фотоелектричних системах, де потрібен кабель для сонячних панелей відповідного перерізу. Велика бухта на 500 м зручна для монтажу систем, у яких необхідна значна довжина кабельної лінії. Характеристики: виробник: KBE Solar країна виробництва: Німеччина переріз: 6 мм² довжина: 500 м колір: чорний тип: сонячний кабель призначення: для сонячних панелей та фотоелектричних систем форма поставки: бухта"
Силові та сонячні кабелі,DYNESS,Комплект силових кабелів Dyness 4AWG 1000V VW1 2050мм,1931,грн,assets/images/products/145284_1.jpg,
Акумулятори для ДБЖ,FELICITY,"Акумуляторна батарея Felicity FLA12100 PG2 12.8V 100Ah LiFePO4, 295x201x199, 10 кг",12900,грн,assets/images/products/152639_1.jpg,"Felicity FLA12100 PG2 – акумуляторна батарея LiFePO4 з номінальною напругою 12,8 В та ємністю 100 А·год для ДБЖ, інверторів і автономних систем на 12 В. Запас енергії близько 1,28 кВт·год. Технологія LiFePO4 розрахована на регулярні цикли заряджання та розряджання, тому батарея підходить для резервного живлення будинку під час відключень і для сонячних електростанцій. Розміри 295 × 201 × 199 мм, вага 10 кг."
Комплекти автономного енергоживлення,FELICITY,Комплект автономного енергоживлення: MUST PV19-6048EXP 48V 6 kW + Felicity FLB48314TG1-H 51.2V 314Ah,109700,грн,assets/images/komp/152675.jpg,"Комплект автономного енергоживлення MUST PV19-6048EXP 48V 6 kW + Felicity FLB48314TG1-H 51.2V 314Ah Комплект автономного енергоживлення MUST та Felicity підійде для будинку, квартири, офісу, майстерні або іншого об'єкта, де потрібна система резервного та автономного живлення. У комплекті поєднані інвертор MUST потужністю 6 кВт та акумулятор Felicity на 16,08 кВт·год, тому система може живити підключене навантаження та накопичувати електроенергію для подальшого використання. MUST PV19-6048EXP це гібридний інвертор потужністю 6 кВт з номінальною напругою акумулятора 48 В. Він формує вихідну напругу 230 В у вигляді чистої синусоїди, тому підходить для живлення побутової техніки, електроніки та іншого обладнання в межах допустимого навантаження. Інвертор може працювати від акумулятора, сонячних панелей, електромережі або генератора. Пікова потужність становить 12000 Вт. Вбудований MPPT-контролер працює в діапазоні 150-450 В і підтримує сонячні панелі потужністю до 6 кВт, максимальний струм заряджання 120 А. Є входи USB, RS485 і CAN, підтримується паралельна робота та підключення генератора. Для контролю роботи передбачений дисплей і вбудований Wi-Fi, а також функції захисту від перевантаження, перегріву та короткого замикання. Для накопичення енергії використовується Felicity FLB48314TG1-H. Це акумуляторна батарея на основі технології LiFePO4 з номінальною напругою 51,2 В, ємністю 314 А·год та запасом енергії близько 16,08 кВт·год. Така батарея може використовуватися як резервне джерело живлення під час відключень електроенергії або для накопичення енергії від сонячних панелей. Батарея оснащена функцією підігріву, що дозволяє коректно заряджати її за низьких температур. Такий комплект інвертор + акумулятор містить основні компоненти для організації резервного та автономного живлення. Його можна використовувати для живлення будинку, квартири, офісу, майстерні або іншого об'єкта. За наявності сонячних панелей комплект також дозволяє використовувати сонячну енергію для живлення навантаження та заряджання акумулятора. Характеристики: Інвертор: MUST PV19-6048EXP 6 кВт 48 В Тип: гібридний інвертор Номінальна потужність: 6 кВт Кількість фаз: 1 Напруга АКБ: 48 В Форма вихідної напруги: чиста синусоїда 230 В Wi-Fi: є Акумулятор: Felicity FLB48314TG1-H Тип АКБ: LiFePO4 Номінальна напруга: 51,2 В Ємність: 314 А·год Енергоємність: близько 16,08 кВт·год Підігрів: є BMS: є"
Комплекти автономного енергоживлення,FELICITY,"Комплект автономного енергоживлення: Must PV18-1012VPK, 12 В, 1000 Вт+ Felicity FLA12100PG2 12.8V 100Ah",21920,грн,assets/images/komp/152697.jpg,"Комплект автономного енергоживлення Must PV18-1012VPK, 12 В, 1000 Вт+ Felicity FLA12100PG2 12.8V 100Ah Комплект автономного енергоживлення MUST та Felicity підійде для будинку, квартири, офісу, майстерні або іншого об'єкта, де потрібна система резервного та автономного живлення. У комплекті поєднані інвертор MUST потужністю 1 кВт та акумулятор Felicity на 1,28 кВт·год, тому система може живити підключене навантаження та накопичувати електроенергію для подальшого використання. MUST PV18-1012VPK це гібридний інвертор потужністю 1 кВт з номінальною напругою акумулятора 12 В. Він формує вихідну напругу 230 В у вигляді чистої синусоїди, тому підходить для живлення побутової техніки, електроніки та іншого обладнання в межах допустимого навантаження. Інвертор може працювати від акумулятора, сонячних панелей, електромережі або генератора. Номінальна потужність становить 1000 Вт. Вбудований сонячний контролер MPPT дозволяє використовувати інвертор разом із сонячними панелями та акумулятором на 12 В. Для контролю роботи передбачений дисплей і вбудований Wi-Fi, а також функції захисту від перевантаження, перегріву та короткого замикання. Для накопичення енергії використовується Felicity FLA12100PG2. Це акумуляторна батарея на основі технології LiFePO4 з номінальною напругою 12,8 В, ємністю 100 А·год та запасом енергії близько 1,28 кВт·год. Така батарея може використовуватися як резервне джерело живлення під час відключень електроенергії або для накопичення енергії від сонячних панелей. Такий комплект інвертор + акумулятор містить основні компоненти для організації резервного та автономного живлення. Його можна використовувати для живлення будинку, квартири, офісу, майстерні або іншого об'єкта. За наявності сонячних панелей комплект також дозволяє використовувати сонячну енергію для живлення навантаження та заряджання акумулятора. Характеристики: Інвертор: MUST PV18-1012VPK 1 кВт 12 В Тип: гібридний інвертор Номінальна потужність: 1 кВт Кількість фаз: 1 Напруга АКБ: 12 В Форма вихідної напруги: чиста синусоїда 230 В Wi-Fi: є Акумулятор: Felicity FLA12100PG2 Тип АКБ: LiFePO4 Номінальна напруга: 12,8 В Ємність: 100 А·год Енергоємність: близько 1,28 кВт·год BMS: є"
Комплекти автономного енергоживлення,FELICITY,"Комплект автономного енергоживлення: Must PV19-6048EXP 6 кВт 48 В + Felicity FLB48230WG1-H 51.2V 230Ah, з підігрівом",93201,грн,assets/images/komp/152699.jpg,"Комплект автономного енергоживлення Must PV19-6048EXP 6 кВт 48 В + Felicity FLB48230WG1-H 51.2V 230Ah, з підігрівом Комплект автономного енергоживлення MUST та Felicity підійде для будинку, квартири, офісу, майстерні або іншого об'єкта, де потрібна система резервного та автономного живлення. У комплекті поєднані інвертор MUST потужністю 6 кВт та акумулятор Felicity на 11,78 кВт·год, тому система може живити підключене навантаження та накопичувати електроенергію для подальшого використання. MUST PV19-6048EXP це гібридний інвертор потужністю 6 кВт з номінальною напругою акумулятора 48 В. Він формує вихідну напругу 230 В у вигляді чистої синусоїди, тому підходить для живлення побутової техніки, електроніки та іншого обладнання в межах допустимого навантаження. Інвертор може працювати від акумулятора, сонячних панелей, електромережі або генератора. Пікова потужність становить 12000 Вт. Вбудований MPPT-контролер працює в діапазоні 150-450 В і підтримує сонячні панелі потужністю до 6 кВт, максимальний струм заряджання 120 А. Є входи USB, RS485 і CAN, підтримується паралельна робота та підключення генератора. Для контролю роботи передбачений дисплей і вбудований Wi-Fi, а також функції захисту від перевантаження, перегріву та короткого замикання. Для накопичення енергії використовується Felicity FLB48230WG1-H. Це акумуляторна батарея на основі технології LiFePO4 з номінальною напругою 51,2 В, ємністю 230 А·год та запасом енергії близько 11,78 кВт·год. Така батарея може використовуватися як резервне джерело живлення під час відключень електроенергії або для накопичення енергії від сонячних панелей. Батарея оснащена функцією підігріву, що дозволяє коректно заряджати її за низьких температур. Такий комплект інвертор + акумулятор містить основні компоненти для організації резервного та автономного живлення. Його можна використовувати для живлення будинку, квартири, офісу, майстерні або іншого об'єкта. За наявності сонячних панелей комплект також дозволяє використовувати сонячну енергію для живлення навантаження та заряджання акумулятора. Характеристики: Інвертор: MUST PV19-6048EXP 6 кВт 48 В Тип: гібридний інвертор Номінальна потужність: 6 кВт Кількість фаз: 1 Напруга АКБ: 48 В Форма вихідної напруги: чиста синусоїда 230 В Wi-Fi: є Акумулятор: Felicity FLB48230WG1-H Тип АКБ: LiFePO4 Номінальна напруга: 51,2 В Ємність: 230 А·год Енергоємність: близько 11,78 кВт·год Підігрів: є BMS: є"
Системи зберігання електроенергії 2 в 1,MUST,"Система зберігання електроенергії MUST HBP18-1212 OS 2в1 1.2 кВт 1280 Втг, 225х295х363, 17 кг",20521,грн,assets/images/products/152723_1.jpg,"MUST HBP18-1212 OS – система зберігання електроенергії формату 2 в 1: інвертор потужністю 1,2 кВт і акумулятор ємністю 1280 Вт·год в одному корпусі. Готове рішення для резервного живлення квартири, будинку чи офісу під час відключень світла: не потрібно окремо підбирати інвертор, акумулятор і кабелі між ними – досить підключити техніку. Розміри 225 × 295 × 363 мм, вага 17 кг."
Комплекти автономного енергоживлення,FELICITY,Комплект автономного енергоживлення: Must PV18-1512 VPM II 1.5 кВт 12 В + Felicity FLA12100PG2 12.8V 100Ah,23550,грн,assets/images/komp/152724.png,"Комплект автономного енергоживлення Must PV18-1512 VPM II + Felicity FLA12100 PG2 – готове рішення для резервного живлення будинку, квартири, дачі чи офісу під час відключень світла. Гібридний інвертор Must PV18-1512 VPM II потужністю 1,5 кВт працює з акумуляторами 12 В і видає на виході 230 В, тож від нього можна живити побутову техніку та електроніку в межах допустимого навантаження. Енергія може надходити від сонячних панелей, мережі або генератора. Акумулятор Felicity FLA12100 PG2 на основі LiFePO4 (12,8 В, 100 А·год) накопичує близько 1,28 кВт·год енергії. Інвертор і батарея підібрані за напругою, тому комплект можна використовувати як основу системи автономного живлення."
Гибридні інвертори,MUST,"Гібридний інвертор MUST PV19-4024 EXP 4 кВт 24 В, 322х486х134, 9.5 кг",17925,грн,assets/images/products/152725_1.png,"MUST PV19-4024 EXP – гібридний інвертор потужністю 4 кВт для систем резервного та автономного живлення. Працює з акумуляторами 24 В і підходить для будинку, квартири, дачі чи офісу. Інвертор поєднує перетворювач, зарядний пристрій від мережі та сонячний контролер: енергія може надходити від сонячних панелей, накопичуватися в акумуляторі або братися з мережі. На виході 230 В для живлення побутової техніки та електроніки. Розміри 322 × 486 × 134 мм, вага 9,5 кг."
Комплекти автономного енергоживлення,MUST,Комплект автономного енергоживлення: Must PV18-1512 VPM II 1.5 кВт 12 Вт+ MUST LP15-12100 12V 100Ah LiFePO4,23650,грн,assets/images/komp/152726.png,"Комплект автономного енергоживлення Must PV18-1512 VPM II + MUST LP15-12100 – готове рішення для резервного живлення будинку, квартири, дачі чи офісу під час відключень світла. Гібридний інвертор Must PV18-1512 VPM II потужністю 1,5 кВт працює з акумуляторами 12 В і видає на виході 230 В, тож від нього можна живити побутову техніку та електроніку в межах допустимого навантаження. Енергія може надходити від сонячних панелей, мережі або генератора. Акумулятор MUST LP15-12100 на основі LiFePO4 (12,8 В, 100 А·год) накопичує близько 1,28 кВт·год енергії. Інвертор і батарея підібрані за напругою, тому комплект можна використовувати як основу системи автономного живлення."
Комплекти автономного енергоживлення,FELICITY,"Комплект автономного енергоживлення: MUST PV19-4024 EXP 4 кВт, 24V + Felicity FLA24280 25.6V 280Ah",74375,грн,assets/images/komp/152730.png,"Комплект автономного енергоживлення MUST PV19-4024 EXP + Felicity FLA24280 – готове рішення для резервного живлення будинку, квартири, дачі чи офісу під час відключень світла. Гібридний інвертор MUST PV19-4024 EXP потужністю 4 кВт працює з акумуляторами 24 В і видає на виході 230 В, тож від нього можна живити побутову техніку та електроніку в межах допустимого навантаження. Енергія може надходити від сонячних панелей, мережі або генератора. Акумулятор Felicity FLA24280 на основі LiFePO4 (25,6 В, 280 А·год) накопичує близько 7,17 кВт·год енергії. Інвертор і батарея підібрані за напругою, тому комплект можна використовувати як основу системи автономного живлення."
Комплекти автономного енергоживлення,MUST,"Комплект автономного енергоживлення: MUST PV19-6048EXP 48V 6 kW + MUST LP16-48300, 51.2V 300Ah",103601,грн,assets/images/komp/152732.png,"Комплект автономного енергоживлення MUST PV19-6048EXP + MUST LP16-48300 – готове рішення для резервного живлення будинку, квартири, дачі чи офісу під час відключень світла. Гібридний інвертор MUST PV19-6048EXP потужністю 6 кВт працює з акумуляторами 48 В і видає на виході 230 В, тож від нього можна живити побутову техніку та електроніку в межах допустимого навантаження. Енергія може надходити від сонячних панелей, мережі або генератора. Акумулятор MUST LP16-48300 на основі LiFePO4 (51,2 В, 300 А·год) накопичує близько 15,36 кВт·год енергії. Інвертор і батарея підібрані за напругою, тому комплект можна використовувати як основу системи автономного живлення."
Системи зберігання електроенергії 2 в 1,MUST,"Система зберігання електроенергії MUST HBP18-3024 2в1 3 кВт 3200 Втг, 288х348х490, 33 кг",49610,грн,assets/images/products/152738_1.jpg,
Комплекти автономного енергоживлення,FELICITY,Комплект автономного енергоживлення: Felicity IVEM6048-II 48В 6 кВт+ Felicity FLB48230WG1-H 51.2V 230Ah з підігрівом,91801,грн,assets/images/komp/152746.png,"Комплект автономного енергоживлення Felicity IVEM6048-II + Felicity FLB48230WG1-H – готове рішення для резервного живлення будинку, квартири, дачі чи офісу під час відключень світла. Гібридний інвертор Felicity IVEM6048-II потужністю 6 кВт працює з акумуляторами 48 В і видає на виході 230 В, тож від нього можна живити побутову техніку та електроніку в межах допустимого навантаження. Енергія може надходити від сонячних панелей, мережі або генератора. Акумулятор Felicity FLB48230WG1-H на основі LiFePO4 (51,2 В, 230 А·год) накопичує близько 11,78 кВт·год енергії. Батарея має вбудований підігрів, тому її можна коректно заряджати й за низьких температур – наприклад, у неопалюваному приміщенні. Інвертор і батарея підібрані за напругою, тому комплект можна використовувати як основу системи автономного живлення."
Комплекти автономного енергоживлення,FELICITY,"Комплект автономного енергоживлення: Felicity IVEM6048-II 48В 6 кВт+ MUST LP16-48300, 51.2V 300Ah",102201,грн,assets/images/komp/152747.png,"Комплект автономного енергоживлення Felicity IVEM6048-II + MUST LP16-48300 – готове рішення для резервного живлення будинку, квартири, дачі чи офісу під час відключень світла. Гібридний інвертор Felicity IVEM6048-II потужністю 6 кВт працює з акумуляторами 48 В і видає на виході 230 В, тож від нього можна живити побутову техніку та електроніку в межах допустимого навантаження. Енергія може надходити від сонячних панелей, мережі або генератора. Акумулятор MUST LP16-48300 на основі LiFePO4 (51,2 В, 300 А·год) накопичує близько 15,36 кВт·год енергії. Інвертор і батарея підібрані за напругою, тому комплект можна використовувати як основу системи автономного живлення."
Комплекти автономного енергоживлення,FELICITY,Комплект автономного енергоживлення: MUST PV19-6048EXP 48V 6 kW + Felicity FLA48230 51.2V 230Ah,93085,грн,assets/images/komp/152219.jpg,"Комплект автономного енергоживлення MUST PV19-6048EXP 48V 6 kW + Felicity FLA48230 51.2V 230Ah Комплект автономного енергоживлення MUST та Felicity підійде для будинку, квартири, офісу, майстерні або іншого об'єкта, де потрібна система резервного та автономного живлення. У комплекті поєднані інвертор MUST потужністю 6 кВт та акумулятор Felicity на 11,78 кВт·год, тому система може живити підключене навантаження та накопичувати електроенергію для подальшого використання. MUST PV19-6048EXP це гібридний інвертор потужністю 6 кВт з номінальною напругою акумулятора 48 В. Він формує вихідну напругу 230 В у вигляді чистої синусоїди, тому підходить для живлення побутової техніки, електроніки та іншого обладнання в межах допустимого навантаження. Інвертор може працювати від акумулятора, сонячних панелей, електромережі або генератора. Пікова потужність становить 12000 Вт. Вбудований MPPT-контролер працює в діапазоні 150-450 В і підтримує сонячні панелі потужністю до 6 кВт, максимальний струм заряджання 120 А. Є входи USB, RS485 і CAN, підтримується паралельна робота та підключення генератора. Для контролю роботи передбачений дисплей і вбудований Wi-Fi, а також функції захисту від перевантаження, перегріву та короткого замикання. Для накопичення енергії використовується Felicity FLA48230. Це акумуляторна батарея на основі технології LiFePO4 з номінальною напругою 51,2 В, ємністю 230 А·год та запасом енергії близько 11,78 кВт·год. Така батарея може використовуватися як резервне джерело живлення під час відключень електроенергії або для накопичення енергії від сонячних панелей. Рекомендована глибина розряду становить близько 95%, заявлений ресурс 6000+ циклів. Для зв'язку з інвертором передбачені інтерфейси RS485 і CAN, корпус має захист IP21. Такий комплект інвертор + акумулятор містить основні компоненти для організації резервного та автономного живлення. Його можна використовувати для живлення будинку, квартири, офісу, майстерні або іншого об'єкта. За наявності сонячних панелей комплект також дозволяє використовувати сонячну енергію для живлення навантаження та заряджання акумулятора. Характеристики: Інвертор: MUST PV19-6048EXP 6 кВт 48 В Тип: гібридний інвертор Номінальна потужність: 6 кВт Кількість фаз: 1 Напруга АКБ: 48 В Форма вихідної напруги: чиста синусоїда 230 В Wi-Fi: є Акумулятор: Felicity FLA48230 Тип АКБ: LiFePO4 Номінальна напруга: 51,2 В Ємність: 230 А·год Енергоємність: близько 11,78 кВт·год BMS: є"
Комплекти автономного енергоживлення,FELICITY,Комплект автономного енергоживлення: Must PV18-3224VPM II+ Felicity FLA24280 25.6V 280Ah,69376,грн,assets/images/komp/152221.jpg,"Комплект автономного енергоживлення Must PV18-3224VPM II+ Felicity FLA24280 25.6V 280Ah Комплект автономного енергоживлення MUST та Felicity підійде для будинку, квартири, офісу, майстерні або іншого об'єкта, де потрібна система резервного та автономного живлення. У комплекті поєднані інвертор MUST потужністю 3,2 кВт та акумулятор Felicity на 7,17 кВт·год, тому система може живити підключене навантаження та накопичувати електроенергію для подальшого використання. MUST PV18-3224 VPM II це гібридний інвертор потужністю 3,2 кВт з номінальною напругою акумулятора 24 В. Він формує вихідну напругу 230 В у вигляді чистої синусоїди, тому підходить для живлення побутової техніки, електроніки та іншого обладнання в межах допустимого навантаження. Інвертор може працювати від акумулятора, сонячних панелей, електромережі або генератора. Пікова потужність становить 6400 ВА. Вбудований сонячний контролер MPPT розрахований на струм до 60 А, максимальний сумарний струм заряджання від сонця та мережі становить 120 А. Для контролю роботи передбачений дисплей і вбудований Wi-Fi, а також функції захисту від перевантаження, перегріву та короткого замикання. Для накопичення енергії використовується Felicity FLA24280. Це акумуляторна батарея на основі технології LiFePO4 з номінальною напругою 25,6 В, ємністю 280 А·год та запасом енергії близько 7,17 кВт·год. Така батарея може використовуватися як резервне джерело живлення під час відключень електроенергії або для накопичення енергії від сонячних панелей. Такий комплект інвертор + акумулятор містить основні компоненти для організації резервного та автономного живлення. Його можна використовувати для живлення будинку, квартири, офісу, майстерні або іншого об'єкта. За наявності сонячних панелей комплект також дозволяє використовувати сонячну енергію для живлення навантаження та заряджання акумулятора. Характеристики: Інвертор: MUST PV18-3224 VPM II 3,2 кВт 24 В Тип: гібридний інвертор Номінальна потужність: 3,2 кВт Кількість фаз: 1 Напруга АКБ: 24 В Форма вихідної напруги: чиста синусоїда 230 В Wi-Fi: є Акумулятор: Felicity FLA24280 Тип АКБ: LiFePO4 Номінальна напруга: 25,6 В Ємність: 280 А·год Енергоємність: близько 7,17 кВт·год BMS: є"
Силові та сонячні кабелі,KBE,"Сонячний кабель KBE Solar 6 мм, 500 м (бухта), червоний, Німеччина",33805,грн,assets/images/komp/152253.jpg,"Сонячний кабель KBE Solar 6 мм², 500 м (бухта), червоний, Німеччина Сонячний кабель KBE Solar 6 мм² використовується для підключення сонячних панелей та іншого обладнання фотоелектричної системи. Кабель призначений для прокладання електричних з'єднань у сонячних електростанціях та фотоелектричних системах. KBE Solar має переріз 6 мм² та поставляється в бухті довжиною 500 м. Червоний колір кабелю зручно використовувати для позначення окремих ліній під час монтажу сонячної електростанції та прокладання кабельних з'єднань. Сонячний кабель KBE Solar 6 мм² підходить для використання у фотоелектричних системах, де потрібен кабель для сонячних панелей відповідного перерізу. Бухта довжиною 500 м зручна для монтажу систем, у яких необхідна значна довжина кабельної лінії. Характеристики: виробник: KBE Solar країна виробництва: Німеччина переріз: 6 мм² довжина: 500 м колір: червоний тип: сонячний кабель призначення: для сонячних панелей та фотоелектричних систем форма поставки: бухта"
Акумулятори для гібридних інверторів,MUST,"Акумуляторна батарея MUST LP16-48300, 51.2V 300Ah, 490х923х265, 117 кг, LiFePO4",79826,грн,assets/images/products/152265_1.png,"MUST LP16-48300 – акумуляторна батарея LiFePO4 з номінальною напругою 51,2 В та ємністю 300 А·год для систем з гібридним інвертором на 48 В. Запас енергії близько 15,36 кВт·год. Технологія LiFePO4 розрахована на регулярні цикли заряджання та розряджання, тому батарея підходить для резервного живлення будинку під час відключень і для сонячних електростанцій. Розміри 490 × 923 × 265 мм, вага 117 кг."
Акумулятори для гібридних інверторів,FELICITY,"Акумуляторна батарея Felicity FLB48314TG1-H 51.2V 314Ah, з підігрівом, 895х450х235, 121 кг",85925,грн,assets/images/komp/152270.jpg,"Акумуляторна батарея Felicity FLB48314TG1-H 51,2 В 314 А·год з підігрівом, 895 × 450 × 235 мм, 121 кг Felicity FLB48314TG1-H – це літій-залізо-фосфатна акумуляторна батарея LiFePO4 ємністю 314 А·год та номінальною напругою 51,2 В. Акумулятор призначений для систем резервного та автономного живлення, а також для роботи разом з інвертором. Ємність 314 А·год дозволяє накопичувати енергію для живлення побутового та іншого обладнання під час відключень електроенергії. Номінальна енергоємність батареї становить 16,08 кВт·год, а напруга 51,2 В підходить для систем, розрахованих на 48 В. Акумулятор виконаний за технологією LiFePO4, яка добре підходить для систем накопичення енергії з регулярними циклами заряджання та розряджання. Такий формат часто використовують у домашніх системах резервного живлення, сонячних електростанціях та автономних енергетичних комплексах. Батарея оснащена підігрівом, що дозволяє використовувати її в умовах низьких температур з урахуванням вимог виробника. Корпус має розміри 895 × 450 × 235 мм, вага акумулятора становить 121 кг. Компактні розміри дозволяють встановлювати батарею в спеціально підготовленому місці або акумуляторній шафі з урахуванням необхідного простору для монтажу та обслуговування. Де використовується Акумулятор Felicity FLB48314TG1-H 314 А·год можна використовувати як джерело накопичення енергії у таких системах: • резервного живлення будинку або квартири • автономного електроживлення • роботи з інвертором • накопичення енергії від сонячних панелей • живлення обладнання під час відключень електроенергії Важливо: перед підключенням необхідно перевірити сумісність акумулятора з інвертором за напругою, параметрами заряджання та способом комунікації, якщо вона передбачена."
Комплекти автономного енергоживлення,FELICITY,"Комплект автономного енергоживлення: Felicity IVEM6048-II 48В 6 кВт+ Felicity FLB48314TG1-H 51.2V 314Ah, з підігрівом",108300,грн,assets/images/komp/152279.png,"Комплект автономного енергоживлення Felicity IVEM6048-II + Felicity FLB48314TG1-H – готове рішення для резервного живлення будинку, квартири, дачі чи офісу під час відключень світла. Гібридний інвертор Felicity IVEM6048-II потужністю 6 кВт працює з акумуляторами 48 В і видає на виході 230 В, тож від нього можна живити побутову техніку та електроніку в межах допустимого навантаження. Енергія може надходити від сонячних панелей, мережі або генератора. Акумулятор Felicity FLB48314TG1-H на основі LiFePO4 (51,2 В, 314 А·год) накопичує близько 16,08 кВт·год енергії. Батарея має вбудований підігрів, тому її можна коректно заряджати й за низьких температур – наприклад, у неопалюваному приміщенні. Інвертор і батарея підібрані за напругою, тому комплект можна використовувати як основу системи автономного живлення."
Акумулятори для гібридних інверторів,FELICITY,"Акумуляторна батарея Felicity FLB48100WG1-H 51.2V 100Ah LiFePO4, з підігрівом, LiFePO4, 650х450х174, 48.5 кг",38926,грн,assets/images/komp/152296.jpg,"Акумуляторна батарея Felicity FLB48100WG1-H 51.2V 100Ah LiFePO4, з підігрівом, LiFePO4, 650х450х174, 48.5 кг Felicity FLB48100WG1-H це літій-залізо-фосфатна акумуляторна батарея LiFePO4 ємністю 100 А·год та номінальною напругою 51,2 В. Акумулятор призначений для систем резервного та автономного живлення і для роботи разом з інвертором. Ємність 100 А·год дозволяє накопичувати енергію для живлення побутового та іншого обладнання під час відключень електроенергії. Номінальна енергоємність батареї становить близько 5,12 кВт·год, а напруга 51,2 В підходить для систем, розрахованих на 48 В. Батарея виконана за технологією LiFePO4, яка добре підходить для систем накопичення енергії з регулярними циклами заряджання та розряджання. Такий формат часто застосовують у домашніх системах резервного живлення, сонячних електростанціях та автономних енергетичних комплексах. Модель оснащена функцією підігріву, що дозволяє коректно заряджати акумулятор за низьких температур. Корпус має розміри 650 x 450 x 174 мм, вага акумулятора 48,5 кг. Батарею встановлюють у спеціально підготовленому місці або акумуляторній шафі з урахуванням простору для монтажу та обслуговування. Де використовується Акумулятор Felicity FLB48100WG1-H 100 А·год можна використовувати як джерело накопичення енергії у таких системах: • резервного живлення будинку або квартири • автономного електроживлення • роботи з інвертором • накопичення енергії від сонячних панелей • живлення обладнання під час відключень електроенергії Важливо: перед підключенням необхідно перевірити сумісність акумулятора з інвертором за напругою, параметрами заряджання та способом комунікації, якщо вона передбачена."
Акумулятори для гібридних інверторів,FELICITY,"Акумуляторна батарея Felicity FLB48230WG1-H 51.2V 230Ah, з підігрівом, LiFePO4, 683х450х258, 91 кг",69426,грн,assets/images/komp/152297.jpg,"Felicity FLB48230WG1-H – акумуляторна батарея LiFePO4 з номінальною напругою 51,2 В та ємністю 230 А·год для систем з гібридним інвертором на 48 В. Запас енергії близько 11,78 кВт·год. Технологія LiFePO4 розрахована на регулярні цикли заряджання та розряджання, тому батарея підходить для резервного живлення будинку під час відключень і для сонячних електростанцій. Батарея має вбудований підігрів, тому її можна коректно заряджати й за низьких температур – наприклад, у неопалюваному приміщенні. Розміри 683 × 450 × 258 мм, вага 91 кг."
Комплекти автономного енергоживлення,MUST,"Комплект автономного енергоживлення: Must PV18-1012VPK, 12 В, 1000 Вт+ MUST LP15-12100 12V 100Ah LiFePO4",22021,грн,assets/images/komp/152375.jpg,"Комплект автономного енергоживлення Must PV18-1012VPK + MUST LP15-12100 – готове рішення для резервного живлення будинку, квартири, дачі чи офісу під час відключень світла. Гібридний інвертор Must PV18-1012VPK потужністю 1 кВт працює з акумуляторами 12 В і видає на виході 230 В, тож від нього можна живити побутову техніку та електроніку в межах допустимого навантаження. Енергія може надходити від сонячних панелей, мережі або генератора. Акумулятор MUST LP15-12100 на основі LiFePO4 (12,8 В, 100 А·год) накопичує близько 1,28 кВт·год енергії. Інвертор і батарея підібрані за напругою, тому комплект можна використовувати як основу системи автономного живлення."
Системи зберігання електроенергії 2 в 1,MUST,"Система зберігання електроенергії MUST HBP18-3024 OS 2в1 3 кВт 3072 Втг, 288х348х490, 33 кг",50512,грн,assets/images/products/152516_1.jpg,"MUST HBP18-3024 OS – система зберігання електроенергії формату 2 в 1: інвертор потужністю 3 кВт і акумулятор ємністю 3072 Вт·год в одному корпусі. Готове рішення для резервного живлення квартири, будинку чи офісу під час відключень світла: не потрібно окремо підбирати інвертор, акумулятор і кабелі між ними – досить підключити техніку. Корпус на колесах, тому систему легко переставити в потрібне місце. Розміри 288 × 348 × 490 мм, вага 33 кг."
Гибридні інвертори,MUST,"Гібридний інвертор Must PV18-1512 VPM II 1.5 кВт 12 В, 255х318х110, 5.5 кг",10575,грн,assets/images/products/152517_1.png,"Must PV18-1512 VPM II – гібридний інвертор потужністю 1,5 кВт для систем резервного та автономного живлення. Працює з акумуляторами 12 В і підходить для будинку, квартири, дачі чи офісу. Інвертор поєднує перетворювач, зарядний пристрій від мережі та сонячний контролер: енергія може надходити від сонячних панелей, накопичуватися в акумуляторі або братися з мережі. На виході 230 В для живлення побутової техніки та електроніки. Розміри 255 × 318 × 110 мм, вага 5,5 кг."
Гибридні інвертори,MUST,"Гібридний інвертор Must PV18-3224 VPM II 3.2 кВт 24 В, 254.5х367.4х103, 5.6 кг",12926,грн,assets/images/products/142723_1.jpg,"Гібридний інвертор MUST PV18-3224 VPM II 3,2 кВт 24 В, 254,5 × 367,4 × 103 мм, 5,6 кг MUST PV18-3224 VPM II – гібридний інвертор потужністю 3,2 кВт для систем резервного та автономного електроживлення. Модель працює з акумуляторними батареями на 24 В та може використовуватися в однофазних системах. Інвертор поєднує функції перетворювача, зарядного пристрою від електромережі та сонячного контролера MPPT, що дозволяє використовувати його як частину системи з сонячними панелями та акумулятором. Пристрій підтримує чисту синусоїду на виході та забезпечує потужність до 3200 Вт, а пікова потужність становить до 6400 ВА. Вбудований MPPT-контролер працює в діапазоні 30–128 В та підтримує підключення сонячного масиву потужністю до 1600 Вт. Максимальний струм сонячного заряджання становить 60 А, а загальний максимальний струм заряджання від мережі та сонячних панелей може досягати 120 А. Компактний корпус має розміри 254,5 × 367,4 × 103 мм, а вага становить близько 5,6 кг, тому інвертор зручно використовувати там, де важливі невеликі габарити та простота монтажу. Де використовується Гібридний інвертор MUST PV18-3224 VPM II можна використовувати: для резервного живлення будинку, квартири або офісу; у невеликих сонячних електростанціях; для роботи з акумуляторними батареями 24 В; у системах накопичення електроенергії; для живлення побутової техніки та електронного обладнання; у автономних та гібридних системах електроживлення; у системах із резервуванням від акумулятора та сонячних панелей. На що звернути увагу Перед покупкою необхідно перевірити сумісність акумулятора з напругою 24 В, максимальну потужність та напругу сонячного масиву, а також допустиме навантаження на інвертор. Для підключення сонячних панелей важливо враховувати робочий діапазон MPPT 30–128 В та максимальну потужність PV-масиву 1600 Вт. Також варто врахувати, що це однофазна модель, а Wi-Fi-моніторинг доступний як додаткова опція."
Гибридні інвертори,MUST,"Гібридний інвертор Must PV19-6048EXP 6 кВт 48 В, 309х505х147, 14 кг",23626,грн,assets/images/products/142725_1.jpg,"Гібридний інвертор MUST PV19-6048EXP 6 кВт 48 В, 309 × 505 × 147 мм, 14 кг MUST PV19-6048EXP – гібридний інвертор потужністю 6 кВт для систем резервного та автономного електроживлення. Модель працює з акумуляторними батареями на 48 В та призначена для однофазних систем. Інвертор поєднує функції перетворювача, зарядного пристрою та сонячного контролера MPPT, дозволяючи використовувати сонячну енергію разом з акумуляторною батареєю та електромережею. Пристрій забезпечує до 6000 Вт номінальної потужності, а короткочасна пікова потужність може досягати 12 000 Вт. На виході формується чиста синусоїда, що підходить для живлення побутової техніки та іншого чутливого обладнання. Вбудований MPPT-контролер підтримує підключення сонячних панелей загальною потужністю до 6000 Вт. Робочий діапазон MPPT становить 150–450 В, а максимальний вхідний струм від сонячних панелей — 27 А. Максимальний струм заряджання акумулятора може досягати 120 А. MUST PV19-6048EXP підтримує роботу з літієвими та свинцево-кислотними акумуляторами, а для літієвих батарей передбачена комунікація BMS через RS485/CAN. Інвертор також підтримує підключення генератора та паралельну роботу декількох пристроїв. Корпус має розміри 309 × 505 × 147 мм, а вага становить 14 кг, що дозволяє встановлювати інвертор на стіну та використовувати його в системах резервного живлення будинку або комерційного об'єкта. Де використовується Гібридний інвертор MUST PV19-6048EXP можна використовувати: для резервного живлення приватного будинку або квартири; у сонячних електростанціях; для роботи з акумуляторними батареями 48 В; у системах накопичення електроенергії; для живлення побутової техніки та електрообладнання; у системах із сонячними панелями та акумуляторами; для зменшення залежності від електромережі; як частину автономної або гібридної системи живлення; у системах із резервуванням від генератора. На що звернути увагу Перед покупкою важливо перевірити сумісність акумулятора з напругою 48 В, допустиму потужність навантаження та параметри сонячного поля. При підборі сонячних панелей необхідно враховувати робочий діапазон MPPT 150–450 В, максимальну напругу PV та допустимий вхідний струм 27 А. Також варто врахувати, що це однофазний інвертор, тому перед встановленням необхідно перевірити особливості електромережі об'єкта. Для роботи з літієвими акумуляторами бажано перевірити сумісність BMS та доступні протоколи комунікації."
Акумулятори для гібридних інверторів,MUST,"Акумуляторна батарея MUST LP16-48100 51.2V 100Ah, 442х625.5х177, 44 кг, LiFePO4",36926,грн,assets/images/products/142727_1.png,"MUST LP16-48100 – акумуляторна батарея LiFePO4 з номінальною напругою 51,2 В та ємністю 100 А·год для систем з гібридним інвертором на 48 В. Запас енергії близько 5,12 кВт·год. Технологія LiFePO4 розрахована на регулярні цикли заряджання та розряджання, тому батарея підходить для резервного живлення будинку під час відключень і для сонячних електростанцій. Розміри 442 × 625,5 × 177 мм, вага 44 кг."
Акумулятори для гібридних інверторів,DYNESS,"Акумуляторна батарея Dyness BX51100 51.2v 100ah, 5.12kwh LiFePo4, Trade IN",34652,грн,assets/images/products/150590_1.jpg,"Акумуляторна батарея Dyness BX51100 51,2 В 100 А·год 5,12 кВт·год LiFePO4 Dyness BX51100 – це літій-залізо-фосфатна акумуляторна батарея LiFePO4 ємністю 100 А·год та номінальною напругою 51,2 В. Номінальна енергія акумулятора становить 5,12 кВт·год. Батарея призначена для систем резервного та автономного живлення, а також для роботи разом з інвертором. Ємність 100 А·год та енергоємність 5,12 кВт·год дозволяють накопичувати енергію для живлення побутового та іншого обладнання під час відключень електроенергії. Завдяки номінальній напрузі 51,2 В акумулятор підходить для систем, розрахованих на 48 В. Акумулятор Dyness BX51100 виконаний за технологією LiFePO4, яка добре підходить для систем накопичення енергії з регулярними циклами заряджання та розряджання. Батарея може використовуватися в автономних та гібридних системах, сонячних електростанціях і як акумулятор для інвертора. Передбачена можливість підключення до 30 батарей паралельно, що дозволяє збільшувати загальну ємність системи. Корпус має розміри 558 × 545 × 150 мм, вага акумулятора становить 50 кг. Передбачені різні варіанти монтажу, зокрема настінне, підлогове та стекове встановлення. Батарея має комунікаційні інтерфейси CAN, RS485 та RS232 для обміну даними з сумісним обладнанням. Дана позиція пропонується за програмою Trade-IN – батарея була у використанні, має високий рівень технічного стану (SOH) і проходить перевірку перед продажем, що дозволяє придбати надійне рішення за більш вигідною ціною. Де використовується Акумулятор Dyness BX51100 100 А·год можна використовувати як джерело накопичення енергії у таких системах: • резервного живлення будинку або квартири • автономного електроживлення • роботи з інвертором • накопичення енергії від сонячних панелей • живлення обладнання під час відключень електроенергії • гібридних та автономних сонячних електростанцій Важливо: перед підключенням необхідно перевірити сумісність акумулятора з інвертором за напругою, параметрами заряджання та розряджання, а також способом комунікації. Для збільшення ємності системи батареї Dyness BX51100 можна підключати паралельно, але конфігурацію необхідно підбирати з урахуванням вимог виробника."
Акумулятори для ДБЖ,MUST,"Акумулятор MUST LP15-12100 12V 100Ah LiFePO4, 330х173х217, 10.5 кг",13001,грн,assets/images/products/150599_1.jpg,"MUST LP15-12100 – акумуляторна батарея LiFePO4 з номінальною напругою 12,8 В та ємністю 100 А·год для ДБЖ, інверторів і автономних систем на 12 В. Запас енергії близько 1,28 кВт·год. Технологія LiFePO4 розрахована на регулярні цикли заряджання та розряджання, тому батарея підходить для резервного живлення будинку під час відключень і для сонячних електростанцій. Розміри 330 × 173 × 217 мм, вага 10,5 кг."
Джерела безперебійного живлення,—,Безперебійник для роутера TTN DC1036P 12000 mAh DC Mini UPS for Wifi Router,1664,грн,assets/images/products/150649_1.jpg,"Безперебійник для роутера TTN DC1036P 12000 mAh DC Mini UPS for WiFi Router TTN DC1036P — компактний міні ДБЖ для роутера, який допомагає підтримувати роботу Wi-Fi під час відключення електроенергії. Вбудований акумулятор ємністю 12000 mAh забезпечує резервне живлення роутера та іншого сумісного мережевого обладнання. Такий безперебійник для роутера зручно використовувати вдома або в офісі, коли важливо залишатися на зв'язку навіть під час перебоїв з електропостачанням. TTN DC1036P підключається між блоком живлення та роутером і автоматично переходить на живлення від акумулятора при зникненні напруги в мережі. Компактний корпус не займає багато місця, тому DC Mini UPS для WiFi роутера можна розмістити безпосередньо біля мережевого обладнання. Ємність 12000 mAh дозволяє довше підтримувати роботу підключеного пристрою порівняно з невеликими резервними акумуляторами. TTN DC1036P стане практичним рішенням для резервного живлення роутера, коли під час відключень електроенергії потрібно зберегти доступ до Wi-Fi та інтернету. Характеристики: виробник: TTN модель: DC1036P тип: DC Mini UPS ємність акумулятора: 12000 mAh призначення: резервне живлення роутера та мережевого обладнання тип обладнання: ДБЖ для Wi-Fi роутера формат: компактний міні ДБЖ"
Акумулятори для гібридних інверторів,DEYE,"Акумуляторна батарея DEYE SE-F5 Pro-C 51.2V 100 Аh, 404х547х141, 45 кг, LiFePO4 5.12kWh",38711,грн,assets/images/products/150676_1.jpg,"Акумуляторна батарея DEYE SE-F5 Pro-C 51,2 В 100 А·год LiFePO4, 5,12 кВт·год, 404 × 547 × 141 мм, 45 кг DEYE SE-F5 Pro-C – це літій-залізо-фосфатна акумуляторна батарея LiFePO4 ємністю 100 А·год та номінальною напругою 51,2 В. Акумулятор призначений для систем резервного та автономного живлення, а також для роботи разом з інвертором. Ємність 100 А·год дозволяє накопичувати енергію для живлення побутового та іншого обладнання під час відключень електроенергії. Номінальна енергоємність батареї становить 5,12 кВт·год, а напруга 51,2 В підходить для систем, розрахованих на 48 В. Акумулятор виконаний за технологією LiFePO4, яка добре підходить для систем накопичення енергії з регулярними циклами заряджання та розряджання. Такий формат часто використовують у домашніх системах резервного живлення, сонячних електростанціях та автономних енергетичних комплексах. Корпус має розміри 404 × 547 × 141 мм, вага акумулятора становить 45 кг. Компактні розміри дозволяють встановлювати батарею в спеціально підготовленому місці або акумуляторній шафі з урахуванням необхідного простору для монтажу та обслуговування. Де використовується Акумулятор DEYE SE-F5 Pro-C 100 А·год можна використовувати як джерело накопичення енергії у таких системах: • резервного живлення будинку або квартири • автономного електроживлення • роботи з інвертором • накопичення енергії від сонячних панелей • живлення обладнання під час відключень електроенергії Важливо: перед підключенням необхідно перевірити сумісність акумулятора з інвертором за напругою, параметрами заряджання та способом комунікації, якщо вона передбачена."
Гибридні інвертори,MUST,"Гібридний інвертор Must PV18-1012VPK 1 кВт 12 В, 297.5х468х125, 5 кг",8945,грн,assets/images/products/150825_1.jpg,"Гібридний інвертор MUST PV18-1012VPK 1 кВт 12 В, 297,5 × 468 × 125 мм, 5 кг MUST PV18-1012VPK – гібридний інвертор потужністю 1 кВт для систем резервного та автономного електроживлення. Модель працює з акумуляторними батареями на 12 В та призначена для однофазних систем. Інвертор дозволяє поєднати акумуляторне живлення, електромережу та сонячну енергію в одній системі. Він може використовуватися для живлення електроніки, побутових приладів та іншого обладнання в межах допустимого навантаження. Такий формат підходить для створення компактної системи резервного живлення. MUST PV18-1012VPK може працювати в системах із сонячними панелями та акумуляторною батареєю, дозволяючи використовувати сонячну енергію для живлення навантаження та заряджання АКБ. Завдяки цьому інвертор можна використовувати як для резервного живлення, так і в невеликих автономних системах. Корпус має розміри 297,5 × 468 × 125 мм, а вага становить 5 кг. Під час встановлення необхідно передбачити достатньо місця для підключення кабелів, вентиляції та нормального охолодження пристрою. Де використовується Гібридний інвертор MUST PV18-1012VPK можна використовувати: для резервного живлення будинку або квартири; у невеликих автономних системах електроживлення; для роботи з акумуляторними батареями 12 В; у невеликих сонячних електростанціях; для резервного живлення електроніки та побутової техніки; у системах накопичення електроенергії; для використання сонячної енергії разом з акумулятором; як частину компактної гібридної системи живлення. На що звернути увагу Перед покупкою важливо перевірити сумісність акумуляторної батареї з напругою 12 В, її ємність та допустимі струми заряду і розряду. Також необхідно враховувати, що номінальна потужність інвертора становить 1 кВт, тому сумарне навантаження підключених приладів не повинно перевищувати допустимі значення. Під час підбору сонячних панелей потрібно враховувати допустимі параметри сонячного входу та контролера саме для цієї моделі. При монтажі слід забезпечити достатню вентиляцію та вільний простір навколо корпусу для нормального охолодження."